{
  "seeds": 10,
  "detectors": [
    {
      "name": "X3D-S",
      "n_test": 299,
      "n_hard": 46,
      "overall": {
        "mr_b": [
          0.14666666666666667,
          0.0
        ],
        "mr_a": [
          0.12866666666666665,
          0.008969082698049143
        ],
        "auc_b": [
          0.9434899328859062,
          1.1102230246251565e-16
        ],
        "auc_a": [
          0.9440984340044742,
          0.0020657578087313532
        ]
      },
      "hard": {
        "mr_b": [
          0.5555555555555556,
          0.0
        ],
        "mr_a": [
          0.45555555555555555,
          0.04982823721138412
        ],
        "auc_b": [
          0.6101364522417153,
          1.1102230246251565e-16
        ],
        "auc_a": [
          0.6409356725146199,
          0.01764751703353805
        ]
      },
      "d_alpha": [
        0.04256993159651756,
        0.014830214902758598
      ]
    }
  ],
  "headroom": [
    [
      "X3D-S",
      "RWF",
      0.05651006711409379,
      0.018000000000000016
    ],
    [
      "X3D-S",
      "RLVS(cross)",
      0.09480250000000012,
      0.16400000000000003
    ]
  ]
}