{
  "seeds": 10,
  "hard_band": [
    0.3,
    0.7
  ],
  "overall": {
    "n": 299.0,
    "fpr05": [
      0.15333333333333332,
      0.142
    ],
    "mr": [
      0.14666666666666667,
      0.12866666666666665
    ],
    "auc": [
      0.9434899328859062,
      0.9440984340044742
    ]
  },
  "easy": {
    "n": 253.0,
    "fpr05": [
      0.056910569105691054,
      0.056910569105691054
    ],
    "mr": [
      0.056910569105691054,
      0.056910569105691054
    ],
    "auc": [
      0.9637898686679176,
      0.9636710444027518
    ]
  },
  "hard": {
    "n": 46.0,
    "fpr05": [
      0.5925925925925926,
      0.5296296296296296
    ],
    "mr": [
      0.5555555555555556,
      0.45555555555555555
    ],
    "auc": [
      0.6101364522417153,
      0.6409356725146199
    ]
  },
  "context_only_auc_test": 0.8104250559284116,
  "context_only_auc_hard": 0.6471734892787525,
  "pbase_auc_hard": 0.6101364522417154
}